geometry.coordinates,properties.provider_brand_name,properties.address,properties.city,properties.state,properties.postal_code,properties.url
"[-78.816, 42.98973]",Wegmans,675 Alberta Drive,Amherst,NY,14226,https://www.wegmans.com/covid-vaccine-registration/
"[-78.8216, 43.0389]",Wegmans,3135 Niagara Falls Blvd,Amherst,NY,14228,https://www.wegmans.com/covid-vaccine-registration/
"[-76.5654, 42.9314]",Wegmans,1 Loop Road,Auburn,NY,13021,https://www.wegmans.com/covid-vaccine-registration/
"[-77.94611, 43.20058]",Wegmans,6660 4th Section Rd,Brockport,NY,14420,https://www.wegmans.com/covid-vaccine-registration/
"[-73.97904, 40.69895]",Wegmans,21 Flushing Ave,Brooklyn,NY,11205,https://www.wegmans.com/covid-vaccine-registration/
"[-78.8829, 42.9387]",Wegmans,601 Amherst Street,Buffalo,NY,14207,https://www.wegmans.com/covid-vaccine-registration/
"[-78.81227, 42.78332]",Wegmans,3740 McKinley Pkwy,Buffalo,NY,14219,https://www.wegmans.com/covid-vaccine-registration/
"[-77.25408, 42.87541]",Wegmans,345 Eastern Boulevard,Canandaigua,NY,14424,https://www.wegmans.com/covid-vaccine-registration/
"[-76.119, 43.1557]",Wegmans,7952 Brewerton Road,Cicero,NY,13039,https://www.wegmans.com/covid-vaccine-registration/
"[-77.0626, 42.1455]",Wegmans,24 S Bridge St,Corning,NY,14830,https://www.wegmans.com/covid-vaccine-registration/
"[-78.7002, 42.883]",Wegmans,4960 Transit Road,Depew,NY,14043,https://www.wegmans.com/covid-vaccine-registration/
"[-78.7378, 42.92117]",Wegmans,651 Dick Road,Depew,NY,14043,https://www.wegmans.com/covid-vaccine-registration/
"[-77.4825, 43.1019]",Wegmans,Fairport - Marsh Roads,East Rochester,NY,14445,https://www.wegmans.com/covid-vaccine-registration/
"[-76.0877, 43.0687]",Wegmans,4256 James Street,East Syracuse,NY,13057,https://www.wegmans.com/covid-vaccine-registration/
"[-76.80983, 42.10563]",Wegmans,1100 Clemens Center Pkwy,Elmira,NY,14901,https://www.wegmans.com/covid-vaccine-registration/
"[-77.44436, 43.07076]",Wegmans,6600 Pittsford-Palmyra Road,Fairport,NY,14450,https://www.wegmans.com/covid-vaccine-registration/
"[-76.05325, 43.03306]",Wegmans,6789 East Genesee Street,Fayetteville,NY,13066,https://www.wegmans.com/covid-vaccine-registration/
"[-77.78252, 42.79763]",Wegmans,4287 Genesee Valley Plaza,Geneseo,NY,14454,https://www.wegmans.com/covid-vaccine-registration/
"[-76.99619, 42.8594]",Wegmans,300 Hamilton Street,Geneva,NY,14456,https://www.wegmans.com/covid-vaccine-registration/
"[-73.71816, 41.02097]",Wegmans,106 Corporate Park Drive,Harrison,NY,10604,https://www.wegmans.com/covid-vaccine-registration/
"[-77.6704, 42.3487]",Wegmans,1000 Highway 36 North,Hornell,NY,14843,https://www.wegmans.com/covid-vaccine-registration/
"[-76.5107, 42.4353]",Wegmans,500 South Meadow Street,Ithaca,NY,14850,https://www.wegmans.com/covid-vaccine-registration/
"[-79.29009, 42.09373]",Wegmans,945 Fairmount Ave,Jamestown,NY,14701,https://www.wegmans.com/covid-vaccine-registration/
"[-75.974, 42.1232]",Wegmans,650 Harry L Drive,Johnson City,NY,13790,https://www.wegmans.com/covid-vaccine-registration/
"[-76.23777, 43.188]",Wegmans,3955 Route 31,Liverpool,NY,13090,https://www.wegmans.com/covid-vaccine-registration/
"[-76.16932, 43.12255]",Wegmans,4979 West Taft Road,Liverpool,NY,13088,https://www.wegmans.com/covid-vaccine-registration/
"[-76.2232, 43.13316]",Wegmans,7519 Oswego Road,Liverpool,NY,13090,https://www.wegmans.com/covid-vaccine-registration/
"[-77.1139, 43.0452]",Wegmans,800 West Miller St.,Newark,NY,14513,https://www.wegmans.com/covid-vaccine-registration/
"[-78.9704, 43.0949]",Wegmans,1577 Military Road,Niagara Falls,NY,14304,https://www.wegmans.com/covid-vaccine-registration/
"[-77.4453, 43.12915]",Wegmans,2157 Penfield Road,Penfield,NY,14526,https://www.wegmans.com/covid-vaccine-registration/
"[-77.61175, 43.06729]",Wegmans,745 Calkins Road,Rochester,NY,14623,https://www.wegmans.com/covid-vaccine-registration/
"[-77.7458, 43.1031]",Wegmans,3175 Chili Avenue,Rochester,NY,14624,https://www.wegmans.com/covid-vaccine-registration/
"[-77.70403, 43.20785]",Wegmans,2833 Ridge Road West,Rochester,NY,14626,https://www.wegmans.com/covid-vaccine-registration/
"[-77.55866, 43.2049]",Wegmans,2200 Ridge Road East,Rochester,NY,14622,https://www.wegmans.com/covid-vaccine-registration/
"[-77.55622, 43.14619]",Wegmans,1750 East Avenue,Rochester,NY,14610,https://www.wegmans.com/covid-vaccine-registration/
"[-77.6015, 43.20747]",Wegmans,525 Titus Avenue,Rochester,NY,14617,https://www.wegmans.com/covid-vaccine-registration/
"[-77.54366, 43.1061]",Wegmans,3195 Monroe Avenue,Rochester,NY,14618,https://www.wegmans.com/covid-vaccine-registration/
"[-77.6884, 43.16385]",Wegmans,2301 Lyell Avenue,Rochester,NY,14606,https://www.wegmans.com/covid-vaccine-registration/
"[-77.6985, 43.2525]",Wegmans,3177 Latta Road,Rochester,NY,14612,https://www.wegmans.com/covid-vaccine-registration/
"[-77.62748, 43.08358]",Wegmans,650 Hylan Drive,Rochester,NY,14623,https://www.wegmans.com/covid-vaccine-registration/
"[-77.66106, 43.22629]",Wegmans,3701 Mt. Read Boulevard,Rochester,NY,14616,https://www.wegmans.com/covid-vaccine-registration/
"[-77.694255, 43.12212]",Wegmans,200 Wegmans Market St,Rochester,NY,14624,https://www.wegmans.com/covid-vaccine-registration/
"[-76.2262, 43.0472]",Wegmans,3325 West Genesee Street,Syracuse,NY,13219,https://www.wegmans.com/covid-vaccine-registration/
"[-76.19046, 43.03226]",Wegmans,4722 Onondaga Boulevard,Syracuse,NY,13219,https://www.wegmans.com/covid-vaccine-registration/
"[-77.5043, 43.19323]",Wegmans,1955 Empire Boulevard,Webster,NY,14580,https://www.wegmans.com/covid-vaccine-registration/
"[-77.44491, 43.2138]",Wegmans,900 Holt Road,Webster,NY,14580,https://www.wegmans.com/covid-vaccine-registration/
"[-78.78386, 42.83515]",Wegmans,370 Orchard Park Road,West Seneca,NY,14224,https://www.wegmans.com/covid-vaccine-registration/
"[-78.7378, 42.977]",Wegmans,5275 Sheridan Drive,Williamsville,NY,14221,https://www.wegmans.com/covid-vaccine-registration/
"[-78.70001, 42.9946]",Wegmans,8270 Transit Road,Williamsville,NY,14221,https://www.wegmans.com/covid-vaccine-registration/
"[-81.633667, 30.784425]",Publix,1601 Ga Highway 40 E,Kingsland,GA,31548,https://www.publix.com/covid-vaccine
"[-83.946651, 30.837661]",Publix,13775 US Highway 19 S,Thomasville,GA,31792,https://www.publix.com/covid-vaccine
"[-83.322825, 30.845683]",Publix,1741 Gornto Rd,Valdosta,GA,31601,https://www.publix.com/covid-vaccine
"[-83.285124, 30.880967]",Publix,3330 Inner Perimeter Rd,Valdosta,GA,31602,https://www.publix.com/covid-vaccine
"[-81.316957, 28.25095]",Publix,4401 13th St,Saint Cloud,FL,34769,https://www.publix.com/covid-vaccine
"[-80.764938, 28.39519]",Publix,2301 State Road 524 Ste 150,Cocoa,FL,32926,https://www.publix.com/covid-vaccine
"[-122.247, 47.3815]",Rite Aid,105 Washington Avenue North,Kent,WA,98032,https://www.riteaid.com/pharmacy/covid-qualifier
"[-80.773847, 28.486197]",Publix,7325 N US Highway 1,Cocoa,FL,32927,https://www.publix.com/covid-vaccine
"[-82.02, 33.524]",Costco,825 CABELA DR,AUGUSTA,GA,30909,https://www.costco.com/covid-vaccine.html
"[-122.420703, 45.541121]",Walmart,23500 Ne Sandy Blvd,Wood Village,OR,97060,https://www.walmart.com/pharmacy/clinical-services/immunization/scheduled?imzType=covid
"[-81.402357, 28.388672]",Publix,12195 S Orange Blossom Trl,Orlando,FL,32837,https://www.publix.com/covid-vaccine
"[-87.518548, 33.165251]",Walmart,1501 Skyland Blvd E,Tuscaloosa,AL,35405,https://www.walmart.com/pharmacy/clinical-services/immunization/scheduled?imzType=covid
"[-95.887, 36.016]",Costco,10220 S MEMORIAL DR,TULSA,OK,74133,https://www.costco.com/covid-vaccine.html
"[-97.367149, 31.066215]",Walmart,3401 S 31st St,Temple,TX,76502,https://www.walmart.com/pharmacy/clinical-services/immunization/scheduled?imzType=covid
"[-122.088, 37.617]",Costco,28505 HESPERIAN BLVD,HAYWARD,CA,94545,https://www.costco.com/covid-vaccine.html
"[-82.792682, 27.810348]",Publix,674 150th Ave,Madeira Beach,FL,33708,https://www.publix.com/covid-vaccine
"[-83.009868, 35.46672]",Walmart,135 Town Center Loop,Waynesville,NC,28786,https://www.walmart.com/pharmacy/clinical-services/immunization/scheduled?imzType=covid
"[-117.521, 33.89]",Costco,480 N MCKINLEY ST,CORONA,CA,92879,https://www.costco.com/covid-vaccine.html
"[-77.563953, 39.081541]",Walmart,19360 Compass Creek Pkwy,Leesburg,VA,20175,https://www.walmart.com/pharmacy/clinical-services/immunization/scheduled?imzType=covid
"[-80.035584, 32.93911]",Walmart,7400 Rivers Ave,North Charleston,SC,29406,https://www.walmart.com/pharmacy/clinical-services/immunization/scheduled?imzType=covid
"[-82.511523, 27.390853]",Publix,2875 University Pkwy,Sarasota,FL,34243,https://www.publix.com/covid-vaccine
"[-83.741, 42.232]",Costco,771 AIRPORT BLVD,ANN ARBOR,MI,48108,https://www.costco.com/covid-vaccine.html
"[-80.322, 25.775]",Costco,7795 WEST FLAGLER STREET,MIAMI,FL,33144,https://www.costco.com/covid-vaccine.html
"[-123.917359, 46.146771]",Walmart,1791 Se Ensign Ln,Warrenton,OR,97146,https://www.walmart.com/pharmacy/clinical-services/immunization/scheduled?imzType=covid
"[-121.667, 36.703]",Costco,1339 N DAVIS RD,SALINAS,CA,93907,https://www.costco.com/covid-vaccine.html
"[-80.318, 36.065]",Costco,1085 HANES MALL BLVD,WINSTON SALEM,NC,27103,https://www.costco.com/covid-vaccine.html
"[-82.54551, 27.345446]",Publix,1044 N Tamiami Trl,Sarasota,FL,34236,https://www.publix.com/covid-vaccine
"[-82.673888, 27.718089]",Publix,3030 54th Ave S,Saint Petersburg,FL,33712,https://www.publix.com/covid-vaccine
"[-81.800221, 26.274035]",Publix,11200 Tamiami Trl N # 2200,Naples,FL,34110,https://www.publix.com/covid-vaccine
"[-81.69111, 26.271361]",Publix,15265 Collier Blvd,Naples,FL,34119,https://www.publix.com/covid-vaccine
"[-77.3863435, 37.2458298]",Walmart,671 Southpark Blvd,Colonial Heights,VA,23834,https://www.walmart.com/pharmacy/clinical-services/immunization/scheduled?imzType=covid
"[-82.797849, 27.91521]",Publix,857 W Bay Dr,Largo,FL,33770,https://www.publix.com/covid-vaccine
"[-81.808521, 26.332045]",Publix,3304 Bonita Beach Rd,Bonita Springs,FL,34134,https://www.publix.com/covid-vaccine
"[-81.804954, 26.348348]",Publix,26841 S Tamiami Trl,Bonita Springs,FL,34134,https://www.publix.com/covid-vaccine
"[-82.046608, 26.919071]",Publix,2310 Tamiami Trl Unit 1129,Punta Gorda,FL,33950,https://www.publix.com/covid-vaccine
"[-80.723819, 28.29349]",Publix,3820 Murrell Rd,Rockledge,FL,32955,https://www.publix.com/covid-vaccine
"[-81.418185, 28.308818]",Publix,1910 N John Young Pkwy,Kissimmee,FL,34741,https://www.publix.com/covid-vaccine
"[-95.41173, 37.942881]",Walmart,2200 N State St,Iola,KS,66749,https://www.walmart.com/pharmacy/clinical-services/immunization/scheduled?imzType=covid
"[-96.102, 41.264]",Costco,12300 W DODGE RD,OMAHA,NE,68154,https://www.costco.com/covid-vaccine.html
"[-83.3649369, 35.1663604]",Walmart,273 Commons Dr,Franklin,NC,28734,https://www.walmart.com/pharmacy/clinical-services/immunization/scheduled?imzType=covid
"[-122.251, 47.445]",Costco,400 COSTCO DR STE 150,TUKWILA,WA,98188,https://www.costco.com/covid-vaccine.html
"[-122.344, 47.776]",Costco,1175 N 205TH ST,SHORELINE,WA,98133,https://www.costco.com/covid-vaccine.html
"[-73.133, 40.862]",Costco,3000 MIDDLE COUNTRY RD,NESCONSET,NY,11767,https://www.costco.com/covid-vaccine.html
"[-117.044, 46.423]",Costco,301 5TH ST,CLARKSTON,WA,99403,https://www.costco.com/covid-vaccine.html
"[-81.4800058, 41.1658118]",Walmart,3520 Hudson Dr,Stow,OH,44224,https://www.walmart.com/pharmacy/clinical-services/immunization/scheduled?imzType=covid
"[-122.918, 46.997]",Costco,5500 LITTLEROCK RD SW,TUMWATER,WA,98512,https://www.costco.com/covid-vaccine.html
"[-121.27, 44.055]",Costco,2500 NE HIGHWAY 20,BEND,OR,97701,https://www.costco.com/covid-vaccine.html
"[-122.682, 47.654]",Costco,10000 MICKELBERRY RD NW,SILVERDALE,WA,98383,https://www.costco.com/covid-vaccine.html
"[-81.809844, 26.381836]",Publix,24600 S Tamiami Trl Ste 300,Bonita Springs,FL,34134,https://www.publix.com/covid-vaccine
"[-82.43258, 27.72719]",Winn-Dixie,1023 N. Tamiami Trail,RUSKIN,FL,33570,https://www.winndixie.com/pharmacy/covid-vaccine
"[-82.0377, 26.639467]",Publix,3015 SW Pine Island Rd,Cape Coral,FL,33991,https://www.publix.com/covid-vaccine
"[-81.941834, 26.517442]",Publix,11600 Gladiolus Dr,Fort Myers,FL,33908,https://www.publix.com/covid-vaccine
"[-81.769258, 26.438884]",Publix,20311 Grande Oak Shoppes Blvd,Estero,FL,33928,https://www.publix.com/covid-vaccine
"[-81.807852, 26.429849]",Publix,21301 S Tamiami Trl Ste 200,Estero,FL,33928,https://www.publix.com/covid-vaccine
"[-81.905025, 26.558719]",Publix,5997 S Pointe Blvd Ste 106,Fort Myers,FL,33919,https://www.publix.com/covid-vaccine
"[-81.884413, 26.547688]",Publix,13401 Summerlin Rd,Fort Myers,FL,33919,https://www.publix.com/covid-vaccine
"[-81.842163, 26.54494]",Publix,6900 Daniels Pkwy Ste 19,Fort Myers,FL,33912,https://www.publix.com/covid-vaccine
"[-85.60675, 30.21527]",Winn-Dixie,3621 US 231 NORTH,PANAMA CITY,FL,32404,https://www.winndixie.com/pharmacy/covid-vaccine
"[-85.59253, 30.14437]",Winn-Dixie,132 SOUTH TYNDALL PARKWAY,PARKER,FL,32404,https://www.winndixie.com/pharmacy/covid-vaccine
"[-122.181, 37.718]",Costco,1900 DAVIS ST,SAN LEANDRO,CA,94577,https://www.costco.com/covid-vaccine.html
"[-86.819, 35.963]",Costco,98 SEABOARD LN,BRENTWOOD,TN,37027,https://www.costco.com/covid-vaccine.html
"[-83.812057, 34.102876]",Publix,2095 Highway 211 NW,Braselton,GA,30517,https://www.publix.com/covid-vaccine
"[-81.939958, 26.697743]",Publix,2481 Del Prado Blvd N,Cape Coral,FL,33909,https://www.publix.com/covid-vaccine
"[-81.805651, 26.545291]",Publix,13650 Fiddlesticks Blvd,Fort Myers,FL,33912,https://www.publix.com/covid-vaccine
"[-81.876789, 26.637903]",Publix,2160 McGregor Blvd,Fort Myers,FL,33901,https://www.publix.com/covid-vaccine
"[-81.747786, 26.555706]",Publix,13121 Paul J Doherty Pkwy,Fort Myers,FL,33913,https://www.publix.com/covid-vaccine
"[-81.229397, 29.550483]",Winn-Dixie,1260 W PALM COAST PARKWAY,PALM COAST,FL,32137,https://www.winndixie.com/pharmacy/covid-vaccine
"[-81.17951, 29.474441]",Winn-Dixie,111 FLAGLER PLAZA DR,PALM COAST,FL,32137,https://www.winndixie.com/pharmacy/covid-vaccine
"[-122.183, 47.681]",Costco,8629 120TH AVE NE,KIRKLAND,WA,98033,https://www.costco.com/covid-vaccine.html
"[-97.321, 32.9]",Costco,8900 TEHAMA RIDGE PKWY,FORT WORTH,TX,76177,https://www.costco.com/covid-vaccine.html
"[-81.409605, 30.323063]",Winn-Dixie,1209 ATLANTIC BLVD.,NEPTUNE BEACH,FL,32266,https://www.winndixie.com/pharmacy/covid-vaccine
"[-81.230185, 33.910686]",Walmart,1780 S Lake Dr,Lexington,SC,29073,https://www.walmart.com/pharmacy/clinical-services/immunization/scheduled?imzType=covid
"[-81.9752, 28.9077]",Winn-Dixie,820 Old Camp Rd.,THE VILLAGES,FL,32162,https://www.winndixie.com/pharmacy/covid-vaccine
"[-83.00122, 30.28204]",Winn-Dixie,911 PINEWOOD DRIVE SW,LIVE OAK,FL,32064,https://www.winndixie.com/pharmacy/covid-vaccine
"[-93.129, 44.857]",Costco,995 BLUE GENTIAN RD,EAGAN,MN,55121,https://www.costco.com/covid-vaccine.html
"[-81.323382, 29.02748]",Winn-Dixie,1050 W NEW YORK AVENUE,DELAND,FL,32720,https://www.winndixie.com/pharmacy/covid-vaccine
"[-94.583, 39.068]",Costco,241 E LINWOOD BLVD,KANSAS CITY,MO,64111,https://www.costco.com/covid-vaccine.html
"[-81.654314, 30.376664]",Harveys,201 W. 48TH STREET,JACKSONVILLE,FL,32208,https://www.harveyssupermarkets.com/pharmacy/covid-vaccine
"[-122.087, 37.9252]",Rite Aid,1526 Palos Verdes Mall,Walnut Creek,CA,94597,https://www.riteaid.com/pharmacy/covid-qualifier
"[-88.8988, 30.4388]",Winn-Dixie,10511 D'IBERVILLE BLVD.,DIBERVILLE,MS,39540,https://www.winndixie.com/pharmacy/covid-vaccine
"[-82.3272, 28.83092]",Winn-Dixie,333 HIGHLAND BLVD. SPACE 600,INVERNESS,FL,34452,https://www.winndixie.com/pharmacy/covid-vaccine
"[-81.847584, 26.700053]",Publix,6700 Bayshore Rd,North Fort Myers,FL,33917,https://www.publix.com/covid-vaccine
"[-81.79605, 30.193981]",Winn-Dixie,8560 ARGYLE FOREST BLVD,JACKSONVILLE,FL,32244,https://www.winndixie.com/pharmacy/covid-vaccine
"[-81.69578, 30.24519]",Winn-Dixie,5647 ROOSEVELT BLVD,JACKSONVILLE,FL,32244,https://www.winndixie.com/pharmacy/covid-vaccine
"[-83.296, 42.707]",Costco,400 BROWN RD,AUBURN HILLS,MI,48326,https://www.costco.com/covid-vaccine.html
"[-117.935, 33.704]",Costco,17900 NEWHOPE ST,FOUNTAIN VALLEY,CA,92708,https://www.costco.com/covid-vaccine.html
"[-121.847, 36.617]",Costco,801 TIOGA AVE,SAND CITY,CA,93955,https://www.costco.com/covid-vaccine.html
"[-122.449, 37.665]",Costco,1600 EL CAMINO REAL,SOUTH SAN FRANCISCO,CA,94080,https://www.costco.com/covid-vaccine.html
"[-82.28796, 27.97967]",Winn-Dixie,750 Martin Luther King W,SEFFNER,FL,33584,https://www.winndixie.com/pharmacy/covid-vaccine
"[-82.57011, 27.51648]",Winn-Dixie,515 7th St. W,PALMETTO,FL,34220,https://www.winndixie.com/pharmacy/covid-vaccine
"[-82.24287, 27.93659]",Winn-Dixie,2535 State Road 60 East,VALRICO,FL,33594,https://www.winndixie.com/pharmacy/covid-vaccine
"[-82.32889, 29.63743]",Winn-Dixie,300 S.W. 16TH AVENUE,GAINESVILLE,FL,32601,https://www.winndixie.com/pharmacy/covid-vaccine
"[-81.72917, 25.95189]",Winn-Dixie,625 NORTH COLLIER BLVD,MARCO ISLAND,FL,34145,https://www.winndixie.com/pharmacy/covid-vaccine
"[-75.0567, 40.0613]",Rite Aid,7972 Castor Avenue,Philadelphia,PA,19152,https://www.riteaid.com/pharmacy/covid-qualifier
"[-82.703991, 35.277476]",Walmart,177 Forest Gate Dr,Pisgah Forest,NC,28768,https://www.walmart.com/pharmacy/clinical-services/immunization/scheduled?imzType=covid
"[-81.746862, 28.549787]",Winn-Dixie,684 EAST HWY 50,CLERMONT,FL,34711,https://www.winndixie.com/pharmacy/covid-vaccine
"[-81.225369, 28.9445]",Winn-Dixie,2880 HOWLAND BOULEVARD,DELTONA,FL,32725,https://www.winndixie.com/pharmacy/covid-vaccine
"[-81.765079, 26.618346]",Publix,5781 Lee Blvd,Lehigh Acres,FL,33971,https://www.publix.com/covid-vaccine
"[-81.6308, 28.0167]",Winn-Dixie,243 US HWY 27 SOUTH,DUNDEE,FL,33838,https://www.winndixie.com/pharmacy/covid-vaccine
"[-80.414691, 25.597695]",Fresco y MÃƒÂ¡s,18300 SW 137TH AVENUE,MIAMI,FL,33177,https://www.frescoymas.com/pharmacy/covid-vaccine
"[-83.76618, 31.96442]",Harveys,1011 16Th Ave.,CORDELE,GA,31015,https://www.harveyssupermarkets.com/pharmacy/covid-vaccine
"[-80.782272, 35.096683]",Walmart,3209 Pineville Matthews Rd,Charlotte,NC,28226,https://www.walmart.com/pharmacy/clinical-services/immunization/scheduled?imzType=covid
"[-82.90775, 32.07043]",Harveys,120 W. Oak St,MCRAE-HELENA,GA,31055,https://www.harveyssupermarkets.com/pharmacy/covid-vaccine
"[-81.518316, 30.217494]",Winn-Dixie,10915-122 Baymeadows Rd. Unit 12,JACKSONVILLE,FL,32256,https://www.winndixie.com/pharmacy/covid-vaccine
"[-82.40417, 28.54268]",Winn-Dixie,1230 S BROAD STREET,BROOKSVILLE,FL,34601,https://www.winndixie.com/pharmacy/covid-vaccine
"[-104.89727, 39.769707]",Walmart,7800 Smith Rd,Denver,CO,80207,https://www.walmart.com/pharmacy/clinical-services/immunization/scheduled?imzType=covid
"[-85.223283, 30.77477]",Winn-Dixie,4478 MARKET STREET,MARIANNA,FL,32446,https://www.winndixie.com/pharmacy/covid-vaccine
"[-81.69776, 30.37956]",Harveys,"2261 EDGEWOOD AVE., W.",JACKSONVILLE,FL,32209,https://www.harveyssupermarkets.com/pharmacy/covid-vaccine
"[-90.609, 38.796]",Costco,200 COSTCO WAY,SAINT PETERS,MO,63376,https://www.costco.com/covid-vaccine.html
"[-121.981, 38.35]",Costco,1051 HUME WAY,VACAVILLE,CA,95687,https://www.costco.com/covid-vaccine.html
"[-81.730393, 30.390913]",Harveys,5250 MONCRIEF ROAD W,JACKSONVILLE,FL,32219,https://www.harveyssupermarkets.com/pharmacy/covid-vaccine
"[-81.51231, 29.4476]",Winn-Dixie,1115 NORTH SUMMIT STREET,CRESCENT CITY,FL,32112,https://www.winndixie.com/pharmacy/covid-vaccine
"[-77.515, 38.787]",Costco,10701 SUDLEY MANOR DR,MANASSAS,VA,20109,https://www.costco.com/covid-vaccine.html
"[-82.58096, 28.88334]",Winn-Dixie,1651 S.E. Hwy 19,CRYSTAL RIVER,FL,34429,https://www.winndixie.com/pharmacy/covid-vaccine
"[-99.75934, 32.43348]",H-E-B Pharmacy,1345 Barrow,Abilene,TX,79605,https://vaccine.heb.com/scheduler
"[-98.06425, 27.75141]",H-E-B Pharmacy,1115 E Main,Alice,TX,78332,https://vaccine.heb.com/scheduler
"[-97.82626, 30.45495]",H-E-B Pharmacy,11521 North Fm620 Building A,Austin,TX,78726,https://vaccine.heb.com/scheduler
"[-97.69872, 30.3013]",H-E-B Pharmacy,1801 E 51 St Street,Austin,TX,78723,https://vaccine.heb.com/scheduler
"[-97.73507, 30.27747]",H-E-B Pharmacy,1601 Trinity St,Austin,TX,78712,https://vaccine.heb.com/scheduler
"[-97.74278, 30.44181]",H-E-B Pharmacy,6001 West Parmer Lane,Austin,TX,78727,https://vaccine.heb.com/scheduler
"[-97.71973, 30.30057]",H-E-B Pharmacy,1000 East 41 St,Austin,TX,78751,https://vaccine.heb.com/scheduler
"[-97.67201, 30.40443]",H-E-B Pharmacy,500 Canyon Ridge Dr,Austin,TX,78753,https://vaccine.heb.com/scheduler
"[-97.87642, 30.20247]",H-E-B Pharmacy,5800 W Slaughter Lane,Austin,TX,78749,https://vaccine.heb.com/scheduler
"[-97.75598, 30.35289]",H-E-B Pharmacy,7015 Village Ctr Dr,Austin,TX,78731,https://vaccine.heb.com/scheduler
"[-97.70326, 30.41883]",H-E-B Pharmacy,12407 N Mopac Expwy,Austin,TX,78758,https://vaccine.heb.com/scheduler
"[-97.85202, 30.40458]",H-E-B Pharmacy,7301 N Fm 620,Austin,TX,78726,https://vaccine.heb.com/scheduler
"[-97.69689, 30.36357]",H-E-B Pharmacy,9414 N Lamar Blvd,Austin,TX,78753,https://vaccine.heb.com/scheduler
"[-97.82509, 30.17524]",H-E-B Pharmacy,2110 West Slaughter Ln,Austin,TX,78748,https://vaccine.heb.com/scheduler
"[-97.8034, 30.47786]",H-E-B Pharmacy,14028 North Us 183,Austin,TX,78717,https://vaccine.heb.com/scheduler
"[-97.87471, 30.23583]",H-E-B Pharmacy,7010 Hwy 71 West,Austin,TX,78735,https://vaccine.heb.com/scheduler
"[-97.74016, 30.33374]",H-E-B Pharmacy,5808 Burnet Rd,Austin,TX,78756,https://vaccine.heb.com/scheduler
"[-97.72401, 30.23547]",H-E-B Pharmacy,2508 East Riverside Drive,Austin,TX,78741,https://vaccine.heb.com/scheduler
"[-97.75382, 30.23875]",H-E-B Pharmacy,2400 S Congress,Austin,TX,78704,https://vaccine.heb.com/scheduler
"[-97.74832, 30.39868]",H-E-B Pharmacy,10710 Research Blvd Ste 200,Austin,TX,78759,https://vaccine.heb.com/scheduler
"[-97.78723, 30.16862]",H-E-B Pharmacy,8801 South Congress Avenue,Austin,TX,78745,https://vaccine.heb.com/scheduler
"[-97.7713, 30.43494]",H-E-B Pharmacy,12860 Research Blvd,Austin,TX,78750,https://vaccine.heb.com/scheduler
"[-97.83076, 30.21489]",H-E-B Pharmacy,6900 Brodie Lane,Austin,TX,78745,https://vaccine.heb.com/scheduler
"[-97.76922, 30.19107]",H-E-B Pharmacy,6607 South Ih 35,Austin,TX,78744,https://vaccine.heb.com/scheduler
"[-97.66465, 30.31211]",H-E-B Pharmacy,7112 Ed Bluestein 125,Austin,TX,78723,https://vaccine.heb.com/scheduler
"[-97.33458, 30.10981]",H-E-B Pharmacy,104 Hasler Blvd,Bastrop,TX,78602,https://vaccine.heb.com/scheduler
"[-94.9788, 29.79503]",H-E-B Pharmacy,6430 Garth Road,Baytown,TX,77521,https://vaccine.heb.com/scheduler
"[-97.93238, 30.30489]",H-E-B Pharmacy,12400 W Highway 71,Bee Cave,TX,78738,https://vaccine.heb.com/scheduler
"[-97.45759, 31.0805]",H-E-B Pharmacy,2509 North Main Street,Belton,TX,76513,https://vaccine.heb.com/scheduler
"[-101.47211, 32.23493]",H-E-B Pharmacy,2000 South Gregg,Big Spring,TX,79720,https://vaccine.heb.com/scheduler
"[-98.73481, 29.78173]",H-E-B Pharmacy,420 West Bandera Road,Boerne,TX,78006,https://vaccine.heb.com/scheduler
"[-97.48722, 25.92214]",H-E-B Pharmacy,2250 Boca Chica,Brownsville,TX,78521,https://vaccine.heb.com/scheduler
"[-97.48904, 25.95015]",H-E-B Pharmacy,2155 Paredes Line Rd,Brownsville,TX,78521,https://vaccine.heb.com/scheduler
"[-97.46481, 25.90552]",H-E-B Pharmacy,2950 Southmost Road,Brownsville,TX,78521,https://vaccine.heb.com/scheduler
"[-97.82074, 30.08769]",H-E-B Pharmacy,15300 S Ih 35,Buda,TX,78610,https://vaccine.heb.com/scheduler
"[-97.34901, 32.52083]",H-E-B Pharmacy,165 N W John Jones Dr,Burleson,TX,76028,https://vaccine.heb.com/scheduler
"[-98.22452, 30.7588]",H-E-B Pharmacy,105 S Boundary,Burnet,TX,78611,https://vaccine.heb.com/scheduler
"[-97.82911, 30.5225]",H-E-B Pharmacy,170 E Whitestone Blvd,Cedar Park,TX,78613,https://vaccine.heb.com/scheduler
"[-97.78545, 30.5328]",H-E-B Pharmacy,2800 East Whitestone,Cedar Park,TX,78613,https://vaccine.heb.com/scheduler
"[-97.86448, 31.11872]",H-E-B Pharmacy,2990 East Hwy 190,Copperas Cove,TX,76522,https://vaccine.heb.com/scheduler
"[-97.40529, 27.71118]",H-E-B Pharmacy,5801 Weber Road,Corpus Christi,TX,78413,https://vaccine.heb.com/scheduler
"[-97.40516, 27.73917]",H-E-B Pharmacy,4444 Kostoryz,Corpus Christi,TX,78415,https://vaccine.heb.com/scheduler
"[-97.42137, 27.76687]",H-E-B Pharmacy,3033 South Port St,Corpus Christi,TX,78405,https://vaccine.heb.com/scheduler
"[-96.46827, 32.09005]",H-E-B Pharmacy,201 S 15 Th Street,Corsicana,TX,75110,https://vaccine.heb.com/scheduler
"[-97.28051, 29.08949]",H-E-B Pharmacy,909 E Broadway,Cuero,TX,77954,https://vaccine.heb.com/scheduler
"[-95.6765, 29.95569]",H-E-B Pharmacy,24224 Northwest Freeway,Cypress,TX,77429,https://vaccine.heb.com/scheduler
"[-95.63698, 30.00365]",H-E-B Pharmacy,14100 Spring Cypress Rd,Cypress,TX,77429,https://vaccine.heb.com/scheduler
"[-95.09805, 29.6652]",H-E-B Pharmacy,4701 East Blvd,Deer Park,TX,77536,https://vaccine.heb.com/scheduler
"[-98.0529, 26.1671]",H-E-B Pharmacy,2301 Wood Ave,Donna,TX,78537,https://vaccine.heb.com/scheduler
"[-98.08146, 30.18968]",H-E-B Pharmacy,598 E Hwy Us 290,Dripping Springs,TX,78620,https://vaccine.heb.com/scheduler
"[-98.1958, 26.29078]",H-E-B Pharmacy,2700 W Freddy Gonzales,Edinburg,TX,78539,https://vaccine.heb.com/scheduler
"[-97.38258, 30.34701]",H-E-B Pharmacy,1080 East Hwy 290,Elgin,TX,78621,https://vaccine.heb.com/scheduler
"[-96.63251, 32.32542]",H-E-B Pharmacy,101 S Clay St,Ennis,TX,75119,https://vaccine.heb.com/scheduler
"[-98.15681, 29.14284]",H-E-B Pharmacy,925 10 Th Street,Floresville,TX,78114,https://vaccine.heb.com/scheduler
"[-98.87538, 30.27006]",H-E-B Pharmacy,407 South Adams,Fredericksburg,TX,78624,https://vaccine.heb.com/scheduler
"[-97.7428, 31.43586]",H-E-B Pharmacy,1207 E Main,Gatesville,TX,76528,https://vaccine.heb.com/scheduler
"[-97.71873, 30.68312]",H-E-B Pharmacy,4500 Fm 2338,Georgetown,TX,78628,https://vaccine.heb.com/scheduler
"[-97.69028, 30.63446]",H-E-B Pharmacy,1100 South Ih35,Georgetown,TX,78626,https://vaccine.heb.com/scheduler
"[-97.45202, 29.51832]",H-E-B Pharmacy,1841 Church St,Gonzales,TX,78629,https://vaccine.heb.com/scheduler
"[-97.65511, 31.07905]",H-E-B Pharmacy,601 Indian Trail,Harker Heights,TX,76548,https://vaccine.heb.com/scheduler
"[-97.67639, 26.20337]",H-E-B Pharmacy,1103 Morgan Blvd,Harlingen,TX,78550,https://vaccine.heb.com/scheduler
"[-99.13501, 29.34784]",H-E-B Pharmacy,609 19 Th Street,Hondo,TX,78861,https://vaccine.heb.com/scheduler
"[-95.5468, 29.8226]",H-E-B Pharmacy,10251 Kempwood,Houston,TX,77043,https://vaccine.heb.com/scheduler
"[-95.6457, 29.8487]",H-E-B Pharmacy,4955 Hwy 6,Houston,TX,77084,https://vaccine.heb.com/scheduler
"[-95.40284, 29.7379]",H-E-B Pharmacy,1701 West Alabama St,Houston,TX,77098,https://vaccine.heb.com/scheduler
"[-95.4271, 29.7261]",H-E-B Pharmacy,5225 A Buffalo Speedway,Houston,TX,77005,https://vaccine.heb.com/scheduler
"[-95.57661, 29.9967]",H-E-B Pharmacy,10919 Louetta Rd,Houston,TX,77070,https://vaccine.heb.com/scheduler
"[-95.46406, 29.68854]",H-E-B Pharmacy,4955 Beechnut Street,Houston,TX,77096,https://vaccine.heb.com/scheduler
"[-95.5859, 29.91104]",H-E-B Pharmacy,9503 Jones Road,Houston,TX,77065,https://vaccine.heb.com/scheduler
"[-95.37644, 29.71432]",H-E-B Pharmacy,6055 South Freeway,Houston,TX,77004,https://vaccine.heb.com/scheduler
"[-95.39658, 29.76901]",H-E-B Pharmacy,3663 Washington Ave Ste 100,Houston,TX,77007,https://vaccine.heb.com/scheduler
"[-95.587, 29.7363]",H-E-B Pharmacy,11815 Westheimer,Houston,TX,77077,https://vaccine.heb.com/scheduler
"[-95.7189, 29.7898]",H-E-B Pharmacy,1550 Fry Rd,Houston,TX,77084,https://vaccine.heb.com/scheduler
"[-97.69733, 32.75831]",H-E-B Pharmacy,100 Hudson Oaks Dr,Hudson Oaks,TX,76087,https://vaccine.heb.com/scheduler
"[-97.58284, 30.50112]",H-E-B Pharmacy,5000 Gattis School Rd,Hutto,TX,78634,https://vaccine.heb.com/scheduler
"[-95.84788, 29.71936]",H-E-B Pharmacy,4950 Fm 1463,Katy,TX,77494,https://vaccine.heb.com/scheduler
"[-97.85797, 28.81419]",H-E-B Pharmacy,107 N Sunset Strip,Kenedy,TX,78119,https://vaccine.heb.com/scheduler
"[-99.1408, 30.0416]",H-E-B Pharmacy,321 Thompson Dr,Kerrville,TX,78028,https://vaccine.heb.com/scheduler
"[-99.14342, 30.04152]",H-E-B Pharmacy,313 Sidney Baker South,Kerrville,TX,78028,https://vaccine.heb.com/scheduler
"[-99.14287, 30.05056]",H-E-B Pharmacy,300 W Main St,Kerrville,TX,78028,https://vaccine.heb.com/scheduler
"[-97.7338, 31.0909]",H-E-B Pharmacy,2511 Trimmier Rd Suite 100,Killeen,TX,76542,https://vaccine.heb.com/scheduler
"[-95.25033, 30.06864]",H-E-B Pharmacy,19529 Northpark Dr,Kingwood,TX,77339,https://vaccine.heb.com/scheduler
"[-97.86258, 30.01533]",H-E-B Pharmacy,5401 South Fm 1626,Kyle,TX,78640,https://vaccine.heb.com/scheduler
"[-97.96662, 30.34368]",H-E-B Pharmacy,2000 Ranch Road 620 S,Lakeway,TX,78734,https://vaccine.heb.com/scheduler
"[-99.49676, 27.56786]",H-E-B Pharmacy,210 West Del Mar Boulevard,Laredo,TX,78041,https://vaccine.heb.com/scheduler
"[-99.47479, 27.47673]",H-E-B Pharmacy,2314 South Zapata Highway,Laredo,TX,78046,https://vaccine.heb.com/scheduler
"[-99.47435, 27.60863]",H-E-B Pharmacy,1911 Ne Bob Bullock Loop,Laredo,TX,78045,https://vaccine.heb.com/scheduler
"[-99.47131, 27.53071]",H-E-B Pharmacy,2310 E Saunders St,Laredo,TX,78041,https://vaccine.heb.com/scheduler
"[-99.48344, 27.50656]",H-E-B Pharmacy,1301 Guadalupe St,Laredo,TX,78040,https://vaccine.heb.com/scheduler
"[-98.13514, 29.35803]",H-E-B Pharmacy,14414 Us Hwy 87 West,La Vernia,TX,78121,https://vaccine.heb.com/scheduler
"[-97.8582, 30.58369]",H-E-B Pharmacy,651 N Us Hwy 183,Leander,TX,78641,https://vaccine.heb.com/scheduler
"[-97.66994, 29.88213]",H-E-B Pharmacy,403 South Colorado Street,Lockhart,TX,78644,https://vaccine.heb.com/scheduler
"[-98.78924, 29.23224]",H-E-B Pharmacy,19337 Mcdonald Street,Lytle,TX,78052,https://vaccine.heb.com/scheduler
"[-95.5837, 30.2217]",H-E-B Pharmacy,7988 Fm 1488,Magnolia,TX,77354,https://vaccine.heb.com/scheduler
"[-98.27972, 30.58301]",H-E-B Pharmacy,1503 Fm 1431,Marble Falls,TX,78654,https://vaccine.heb.com/scheduler
"[-98.22546, 26.18953]",H-E-B Pharmacy,200 Us Expressway 83,Mcallen,TX,78501,https://vaccine.heb.com/scheduler
"[-98.22523, 26.23246]",H-E-B Pharmacy,3200 N 10 Th Street,Mcallen,TX,78501,https://vaccine.heb.com/scheduler
"[-98.2188, 26.2678]",H-E-B Pharmacy,901 Trenton Rd,Mcallen,TX,78504,https://vaccine.heb.com/scheduler
"[-102.12562, 32.01955]",H-E-B Pharmacy,3325 West Wadley,Midland,TX,79707,https://vaccine.heb.com/scheduler
"[-102.15509, 31.99588]",H-E-B Pharmacy,5407 Andrews Highway,Midland,TX,79706,https://vaccine.heb.com/scheduler
"[-98.32225, 26.22834]",H-E-B Pharmacy,200 East Griffin,Mission,TX,78572,https://vaccine.heb.com/scheduler
"[-98.28628, 26.19755]",H-E-B Pharmacy,2409 East Expressway 83,Mission,TX,78572,https://vaccine.heb.com/scheduler
"[-98.3262, 26.21354]",H-E-B Pharmacy,820 S Conway,Mission,TX,78572,https://vaccine.heb.com/scheduler
"[-95.53497, 29.53928]",H-E-B Pharmacy,8900 Hwy 6,Missouri City,TX,77459,https://vaccine.heb.com/scheduler
"[-95.58244, 29.58032]",H-E-B Pharmacy,4724 Hwy 6,Missouri City,TX,77459,https://vaccine.heb.com/scheduler
"[-94.84973, 29.82755]",H-E-B Pharmacy,13401 I 10 East,Mont Belvieu,TX,77523,https://vaccine.heb.com/scheduler
"[-98.16041, 29.71309]",H-E-B Pharmacy,1655 W State Highway 46,New Braunfels,TX,78132,https://vaccine.heb.com/scheduler
"[-98.12695, 29.68878]",H-E-B Pharmacy,651 S Walnut,New Braunfels,TX,78130,https://vaccine.heb.com/scheduler
"[-98.0782, 29.731]",H-E-B Pharmacy,2965 Ih35 North,New Braunfels,TX,78130,https://vaccine.heb.com/scheduler
"[-102.37476, 31.84625]",H-E-B Pharmacy,540 W 5 Th,Odessa,TX,79761,https://vaccine.heb.com/scheduler
"[-102.34383, 31.89134]",H-E-B Pharmacy,3801 E 42 Nd,Odessa,TX,79762,https://vaccine.heb.com/scheduler
"[-102.41008, 31.86213]",H-E-B Pharmacy,2501 W University Blvd,Odessa,TX,79764,https://vaccine.heb.com/scheduler
"[-97.9838, 27.9487]",H-E-B Pharmacy,508 Dibrell St,Orange Grove,TX,78372,https://vaccine.heb.com/scheduler
"[-98.31816, 26.25684]",H-E-B Pharmacy,120 E Mile 3 Rd,Palmhurst,TX,78573,https://vaccine.heb.com/scheduler
"[-98.38306, 26.23562]",H-E-B Pharmacy,6010 W Expressway 83,Palmview,TX,78572,https://vaccine.heb.com/scheduler
"[-95.26499, 29.55812]",H-E-B Pharmacy,2710 Pearland Parkway,Pearland,TX,77581,https://vaccine.heb.com/scheduler
"[-99.11446, 28.89503]",H-E-B Pharmacy,225 South Ih 35,Pearsall,TX,78061,https://vaccine.heb.com/scheduler
"[-97.66419, 30.44263]",H-E-B Pharmacy,1434 Wells Branch Pkwy,Pflugerville,TX,78660,https://vaccine.heb.com/scheduler
"[-97.6133, 30.4373]",H-E-B Pharmacy,201 Fm 685,Pflugerville,TX,78660,https://vaccine.heb.com/scheduler
"[-98.18706, 26.1803]",H-E-B Pharmacy,1300 South Cage Blvd,Pharr,TX,78577,https://vaccine.heb.com/scheduler
"[-98.48567, 28.95696]",H-E-B Pharmacy,219 W Oaklawn,Pleasanton,TX,78064,https://vaccine.heb.com/scheduler
"[-97.31836, 27.88722]",H-E-B Pharmacy,1600 Wildcat Drive,Portland,TX,78374,https://vaccine.heb.com/scheduler
"[-97.3169, 27.8935]",H-E-B Pharmacy,2000 Billy G Webb Dr,Portland,TX,78374,https://vaccine.heb.com/scheduler
"[-96.64126, 28.62096]",H-E-B Pharmacy,101 Calhoun Plaza,Port Lavaca,TX,77979,https://vaccine.heb.com/scheduler
"[-95.74781, 29.55142]",H-E-B Pharmacy,23500 Circle Oak Parkway,Richmond,TX,77469,https://vaccine.heb.com/scheduler
"[-97.72218, 30.50028]",H-E-B Pharmacy,16900 N Ranch Road 620,Round Rock,TX,78681,https://vaccine.heb.com/scheduler
"[-97.68859, 30.56107]",H-E-B Pharmacy,250 University Blvd,Round Rock,TX,78665,https://vaccine.heb.com/scheduler
"[-97.61475, 30.49721]",H-E-B Pharmacy,3750 Gattis School Rd,Round Rock,TX,78664,https://vaccine.heb.com/scheduler
"[-97.65978, 30.5177]",H-E-B Pharmacy,1700 East Palm Valley Blvd,Round Rock,TX,78664,https://vaccine.heb.com/scheduler
"[-97.65938, 30.48179]",H-E-B Pharmacy,603 Louis Henna Blvd Bldg A,Round Rock,TX,78664,https://vaccine.heb.com/scheduler
"[-100.51103, 31.43158]",H-E-B Pharmacy,5502 Sherwood Way,San Angelo,TX,76901,https://vaccine.heb.com/scheduler
"[-98.50968, 29.60792]",H-E-B Pharmacy,1150 Nw Loop 1604,San Antonio,TX,78248,https://vaccine.heb.com/scheduler
"[-98.40568, 29.41476]",H-E-B Pharmacy,1015 S W W White Road,San Antonio,TX,78220,https://vaccine.heb.com/scheduler
"[-98.44108, 29.57781]",H-E-B Pharmacy,2929 Thousand Oaks,San Antonio,TX,78247,https://vaccine.heb.com/scheduler
"[-98.50062, 29.662]",H-E-B Pharmacy,23635 Wilderness Oak,San Antonio,TX,78258,https://vaccine.heb.com/scheduler
"[-98.51025, 29.54526]",H-E-B Pharmacy,11551 West Ave,San Antonio,TX,78213,https://vaccine.heb.com/scheduler
"[-98.65227, 29.41837]",H-E-B Pharmacy,8219 Marbach,San Antonio,TX,78227,https://vaccine.heb.com/scheduler
"[-98.4082, 29.5491]",H-E-B Pharmacy,12018 Perrin Beitel Road,San Antonio,TX,78217,https://vaccine.heb.com/scheduler
"[-98.64021, 29.38099]",H-E-B Pharmacy,368 Valley Hi Drive,San Antonio,TX,78227,https://vaccine.heb.com/scheduler
"[-98.46115, 29.37828]",H-E-B Pharmacy,4100 South New Braunfels,San Antonio,TX,78223,https://vaccine.heb.com/scheduler
"[-98.43132, 29.4937]",H-E-B Pharmacy,1520 Austin Hwy,San Antonio,TX,78218,https://vaccine.heb.com/scheduler
"[-98.3856, 29.56937]",H-E-B Pharmacy,14087 O Connor Rd,San Antonio,TX,78247,https://vaccine.heb.com/scheduler
"[-98.37092, 29.5105]",H-E-B Pharmacy,6030 Montgomery Road,San Antonio,TX,78239,https://vaccine.heb.com/scheduler
"[-98.77966, 29.42367]",H-E-B Pharmacy,14325 Potranco Rd,San Antonio,TX,78253,https://vaccine.heb.com/scheduler
"[-98.55132, 29.41734]",H-E-B Pharmacy,721 Castroville Rd,San Antonio,TX,78237,https://vaccine.heb.com/scheduler
"[-98.3591, 29.48109]",H-E-B Pharmacy,6580 F M 78,San Antonio,TX,78244,https://vaccine.heb.com/scheduler
"[-98.4995, 29.50282]",H-E-B Pharmacy,6839 San Pedro,San Antonio,TX,78216,https://vaccine.heb.com/scheduler
"[-98.497, 29.4707]",H-E-B Pharmacy,300 Olmos Drive,San Antonio,TX,78212,https://vaccine.heb.com/scheduler
"[-98.46828, 29.60772]",H-E-B Pharmacy,18140 San Pedro,San Antonio,TX,78232,https://vaccine.heb.com/scheduler
"[-98.63218, 29.6659]",H-E-B Pharmacy,24165 I H 10 West Suite 300,San Antonio,TX,78257,https://vaccine.heb.com/scheduler
"[-98.64364, 29.51985]",H-E-B Pharmacy,7951 Guilbeau Rd,San Antonio,TX,78250,https://vaccine.heb.com/scheduler
"[-98.4032, 29.4969]",H-E-B Pharmacy,6520 Fratt Rd Suite B,San Antonio,TX,78218,https://vaccine.heb.com/scheduler
"[-98.66444, 29.55498]",H-E-B Pharmacy,9238 N Loop 1604 West,San Antonio,TX,78249,https://vaccine.heb.com/scheduler
"[-98.5256, 29.4281]",H-E-B Pharmacy,108 N Rosillo,San Antonio,TX,78207,https://vaccine.heb.com/scheduler
"[-98.53463, 29.55254]",H-E-B Pharmacy,8503 Nw Military Hwy,San Antonio,TX,78231,https://vaccine.heb.com/scheduler
"[-98.45756, 29.63886]",H-E-B Pharmacy,20935 Us Highway 281 North,San Antonio,TX,78258,https://vaccine.heb.com/scheduler
"[-98.5339, 29.35787]",H-E-B Pharmacy,6818 South Zarzamora,San Antonio,TX,78224,https://vaccine.heb.com/scheduler
"[-98.5261, 29.4646]",H-E-B Pharmacy,2118 Fredericksburg Rd,San Antonio,TX,78201,https://vaccine.heb.com/scheduler
"[-98.70445, 29.43536]",H-E-B Pharmacy,10718 Potranco Road,San Antonio,TX,78251,https://vaccine.heb.com/scheduler
"[-98.58335, 29.51552]",H-E-B Pharmacy,8300 Floyd Curl Dr Ste 105,San Antonio,TX,78229,https://vaccine.heb.com/scheduler
"[-98.70445, 29.49292]",H-E-B Pharmacy,10660 West Fm 471,San Antonio,TX,78251,https://vaccine.heb.com/scheduler
"[-98.60198, 29.5271]",H-E-B Pharmacy,5910 Babcock Rd,San Antonio,TX,78240,https://vaccine.heb.com/scheduler
"[-98.5595, 29.5336]",H-E-B Pharmacy,9900 Wurzbach,San Antonio,TX,78230,https://vaccine.heb.com/scheduler
"[-98.51485, 29.39799]",H-E-B Pharmacy,1601 Nogalitos,San Antonio,TX,78204,https://vaccine.heb.com/scheduler
"[-98.53904, 29.47602]",H-E-B Pharmacy,3485 Fredericksburg Rd Suite 4,San Antonio,TX,78201,https://vaccine.heb.com/scheduler
"[-98.46408, 29.47069]",H-E-B Pharmacy,4821 Broadway,San Antonio,TX,78209,https://vaccine.heb.com/scheduler
"[-98.5889, 29.56222]",H-E-B Pharmacy,12777 Ih 10 West,San Antonio,TX,78230,https://vaccine.heb.com/scheduler
"[-98.4362, 29.35194]",H-E-B Pharmacy,3323 Se Military Dr,San Antonio,TX,78223,https://vaccine.heb.com/scheduler
"[-98.73294, 29.48572]",H-E-B Pharmacy,12125 Alamo Ranch Pkwy,San Antonio,TX,78253,https://vaccine.heb.com/scheduler
"[-98.41746, 29.59497]",H-E-B Pharmacy,17238 Bulverde Road,San Antonio,TX,78247,https://vaccine.heb.com/scheduler
"[-98.50277, 29.35666]",H-E-B Pharmacy,735 Sw Military,San Antonio,TX,78221,https://vaccine.heb.com/scheduler
"[-98.4682, 29.4967]",H-E-B Pharmacy,999 East Basse Road,San Antonio,TX,78209,https://vaccine.heb.com/scheduler
"[-98.46143, 29.42444]",H-E-B Pharmacy,415 N New Braunfels,San Antonio,TX,78202,https://vaccine.heb.com/scheduler
"[-98.47734, 29.5774]",H-E-B Pharmacy,15000 San Pedro,San Antonio,TX,78232,https://vaccine.heb.com/scheduler
"[-98.5407, 29.44655]",H-E-B Pharmacy,2130 Culebra,San Antonio,TX,78228,https://vaccine.heb.com/scheduler
"[-98.59477, 29.48119]",H-E-B Pharmacy,5601 Bandera Road,San Antonio,TX,78238,https://vaccine.heb.com/scheduler
"[-98.66574, 29.48432]",H-E-B Pharmacy,9255 Fm 471 West,San Antonio,TX,78251,https://vaccine.heb.com/scheduler
"[-98.52574, 29.51639]",H-E-B Pharmacy,6000 West Avenue,San Antonio,TX,78213,https://vaccine.heb.com/scheduler
"[-98.45759, 29.50774]",H-E-B Pharmacy,1955 Nacogdoches,San Antonio,TX,78209,https://vaccine.heb.com/scheduler
"[-97.63395, 26.14392]",H-E-B Pharmacy,1095 West Business 77,San Benito,TX,78586,https://vaccine.heb.com/scheduler
"[-97.93132, 29.88489]",H-E-B Pharmacy,641 East Hopkins Street,San Marcos,TX,78666,https://vaccine.heb.com/scheduler
"[-97.94292, 29.88305]",H-E-B Pharmacy,200 West Hopkins St,San Marcos,TX,78666,https://vaccine.heb.com/scheduler
"[-98.27742, 29.59717]",H-E-B Pharmacy,17460 I H 35 North,Schertz,TX,78154,https://vaccine.heb.com/scheduler
"[-97.94366, 29.57065]",H-E-B Pharmacy,1340 E Court St,Seguin,TX,78155,https://vaccine.heb.com/scheduler
"[-95.44894, 30.07042]",H-E-B Pharmacy,2121 Fm 2920,Spring,TX,77388,https://vaccine.heb.com/scheduler
"[-98.43022, 29.79882]",H-E-B Pharmacy,20725 Hwy 46,Spring Branch,TX,78070,https://vaccine.heb.com/scheduler
"[-98.22569, 32.20975]",H-E-B Pharmacy,2150 W Washington,Stephenville,TX,76401,https://vaccine.heb.com/scheduler
"[-95.64596, 29.60871]",H-E-B Pharmacy,530 Hwy 6,Sugar Land,TX,77478,https://vaccine.heb.com/scheduler
"[-97.4167, 30.6007]",H-E-B Pharmacy,100 N W Carlos G Parker Bl 101,Taylor,TX,76574,https://vaccine.heb.com/scheduler
"[-97.35378, 31.10153]",H-E-B Pharmacy,1314 West Adams,Temple,TX,76504,https://vaccine.heb.com/scheduler
"[-97.37061, 31.07223]",H-E-B Pharmacy,3002 S 31 St,Temple,TX,76502,https://vaccine.heb.com/scheduler
"[-95.46575, 30.16409]",H-E-B Pharmacy,9595 Six Pines Rd,The Woodlands,TX,77380,https://vaccine.heb.com/scheduler
"[-95.63218, 30.08868]",H-E-B Pharmacy,28520 Tomball Parkway,Tomball,TX,77375,https://vaccine.heb.com/scheduler
"[-98.31298, 29.54766]",H-E-B Pharmacy,910 Kitty Hawk Road,Universal City,TX,78148,https://vaccine.heb.com/scheduler
"[-99.78378, 29.21013]",H-E-B Pharmacy,201 East Main,Uvalde,TX,78801,https://vaccine.heb.com/scheduler
"[-96.9896, 28.8062]",H-E-B Pharmacy,1505 East Rio Grande,Victoria,TX,77901,https://vaccine.heb.com/scheduler
"[-97.17255, 31.5804]",H-E-B Pharmacy,3801 N 19 Th St,Waco,TX,76708,https://vaccine.heb.com/scheduler
"[-97.1396, 31.5525]",H-E-B Pharmacy,100 Washington Ave,Waco,TX,76701,https://vaccine.heb.com/scheduler
"[-96.83983, 32.41159]",H-E-B Pharmacy,800 Hwy 77,Waxahachie,TX,75165,https://vaccine.heb.com/scheduler
"[-97.82813, 30.2928]",H-E-B Pharmacy,701 Capitol Of Texas Hwy Bld C,West Lake Hills,TX,78746,https://vaccine.heb.com/scheduler
"[-98.10174, 30.00144]",H-E-B Pharmacy,14501 Rr12,Wimberley,TX,78676,https://vaccine.heb.com/scheduler
"[-97.22132, 31.49664]",H-E-B Pharmacy,9100 Woodway Drive,Woodway,TX,76712,https://vaccine.heb.com/scheduler
"[-80.148, 26.274]",Costco,1800 W SAMPLE RD,POMPANO BEACH,FL,33064,https://www.costco.com/covid-vaccine.html
"[-81.17787, 28.65649]",Winn-Dixie,"1021 Lockwood Blvd, Unit 8",OVIEDO,FL,32765,https://www.winndixie.com/pharmacy/covid-vaccine
"[-82.523452, 35.456323]",Walmart,60 Airport Rd,Arden,NC,28704,https://www.walmart.com/pharmacy/clinical-services/immunization/scheduled?imzType=covid
"[-81.73809, 30.2716]",Winn-Dixie,3538 BLANDING BLVD.,JACKSONVILLE,FL,32210,https://www.winndixie.com/pharmacy/covid-vaccine
"[-82.6489, 27.82972]",Winn-Dixie,1049 62 AVE NORTH,ST PETERSBURG,FL,33702,https://www.winndixie.com/pharmacy/covid-vaccine
"[-81.7589, 28.0147]",Harveys,2700 RECKER HIGHWAY,WINTER HAVEN,FL,33880,https://www.harveyssupermarkets.com/pharmacy/covid-vaccine
"[-82.6925, 28.3625]",Winn-Dixie,14134 US 19,HUDSON,FL,34667,https://www.winndixie.com/pharmacy/covid-vaccine
"[-80.14291, 25.96489]",Winn-Dixie,20417 BISCAYNE BOULEVARD,AVENTURA,FL,33180,https://www.winndixie.com/pharmacy/covid-vaccine
"[-81.651922, 30.33092]",Harveys,777 MARKET STREET,JACKSONVILLE,FL,32202,https://www.harveyssupermarkets.com/pharmacy/covid-vaccine
"[-82.11168, 28.682448]",Winn-Dixie,1122 N MAIN ST,BUSHNELL,FL,33513,https://www.winndixie.com/pharmacy/covid-vaccine
"[-81.70735, 26.18205]",Winn-Dixie,4849 GOLDEN GATE PARKWAY,NAPLES,FL,34116,https://www.winndixie.com/pharmacy/covid-vaccine
"[-81.90338, 30.673965]",Winn-Dixie,550969 US HWY 1,HILLIARD,FL,32046,https://www.winndixie.com/pharmacy/covid-vaccine
"[-82.7398, 28.1831]",Winn-Dixie,1640 U.S. HIGHWAY 19,HOLIDAY,FL,34691,https://www.winndixie.com/pharmacy/covid-vaccine
"[-81.719572, 26.711874]",Winn-Dixie,14600 PALM BEACH BLVD,FORT MYERS,FL,33905,https://www.winndixie.com/pharmacy/covid-vaccine
"[-83.8712, 30.53508]",Winn-Dixie,1245 S. JEFFERSON ST.,MONTICELLO,FL,32344,https://www.winndixie.com/pharmacy/covid-vaccine
"[-74.25, 40.891]",Costco,149 STATE ROUTE 23,WAYNE,NJ,7470,https://www.costco.com/covid-vaccine.html
"[-82.46074, 27.33611]",Winn-Dixie,5400 FRUITVILLE RD,SARASOTA,FL,34232,https://www.winndixie.com/pharmacy/covid-vaccine
"[-82.12422, 30.26475]",Winn-Dixie,1436 S R 121st South,MACCLENNY,FL,32063,https://www.winndixie.com/pharmacy/covid-vaccine
"[-82.46969, 28.91532]",Winn-Dixie,3565 N LECANTO HWY,BEVERLY HILLS,FL,34465,https://www.winndixie.com/pharmacy/covid-vaccine
"[-82.872914, 29.500992]",Winn-Dixie,2202 No. Young Blvd,CHIEFLAND,FL,32626,https://www.winndixie.com/pharmacy/covid-vaccine
"[-112.115, 33.659]",Costco,19001 N 27TH AVE,PHOENIX,AZ,85027,https://www.costco.com/covid-vaccine.html
"[-85.65055, 30.23031]",Winn-Dixie,1812 HWY 77 SOUTH SUITE 119,LYNN HAVEN,FL,32444,https://www.winndixie.com/pharmacy/covid-vaccine
"[-80.50455, 27.88285]",Winn-Dixie,"7960 US HWY #1, UNIT 1",MICCO,FL,32976,https://www.winndixie.com/pharmacy/covid-vaccine
"[-111.68, 40.282]",Costco,648 E 800 S,OREM,UT,84097,https://www.costco.com/covid-vaccine.html
"[-118.603, 34.187]",Costco,21800 VICTORY BLVD,WOODLAND HILLS,CA,91367,https://www.costco.com/covid-vaccine.html
"[-80.52412, 25.00435]",Winn-Dixie,92100 OVERSEAS HIGHWAY,TAVERNIER,FL,33070,https://www.winndixie.com/pharmacy/covid-vaccine
"[-82.229857, 28.521457]",Winn-Dixie,31100 CORTEZ BLVD,BROOKSVILLE,FL,34602,https://www.winndixie.com/pharmacy/covid-vaccine
"[-81.77102, 24.5645]",Winn-Dixie,2778 N. ROOSEVELT BLVD.,KEY WEST,FL,33040,https://www.winndixie.com/pharmacy/covid-vaccine
"[-81.761258, 26.698919]",Publix,11851 Palm Beach Blvd,Fort Myers,FL,33905,https://www.publix.com/covid-vaccine
"[-82.33259, 27.79017]",Winn-Dixie,10665 Big Bend Rd.,RIVERVIEW,FL,33579,https://www.winndixie.com/pharmacy/covid-vaccine
"[-81.758897, 26.775904]",Publix,42051 Cypress Pkwy,Babcock Ranch,FL,33982,https://www.publix.com/covid-vaccine
"[-80.235438, 26.651713]",Publix,11950 Forest Hill Blvd,Wellington,FL,33414,https://www.publix.com/covid-vaccine
"[-80.150747, 26.705924]",Publix,6820 Okeechobee Blvd,West Palm Beach,FL,33411,https://www.publix.com/covid-vaccine
"[-97.817, 30.528]",Costco,4601 183A TOLL RD,CEDAR PARK,TX,78613,https://www.costco.com/covid-vaccine.html
"[-80.205595, 26.67549]",Publix,127 S State Road 7,Royal Palm Beach,FL,33414,https://www.publix.com/covid-vaccine
"[-80.087615, 26.340378]",Publix,1001 S Federal Hwy,Boca Raton,FL,33432,https://www.publix.com/covid-vaccine
"[-80.102063, 26.71411]",Publix,831 Village Blvd,West Palm Beach,FL,33409,https://www.publix.com/covid-vaccine
"[-80.201676, 26.619035]",Publix,9855 Lake Worth Rd,Lake Worth,FL,33467,https://www.publix.com/covid-vaccine
"[-80.078116, 26.386907]",Publix,4141 N Federal Hwy,Boca Raton,FL,33431,https://www.publix.com/covid-vaccine
"[-82.36474, 28.2398]",Winn-Dixie,27301 Wesley Chapel Blvd,WESLEY CHAPEL,FL,33543,https://www.winndixie.com/pharmacy/covid-vaccine
"[-80.149846, 26.529533]",Publix,6627 Boynton Beach Blvd,Boynton Beach,FL,33437,https://www.publix.com/covid-vaccine
"[-80.122187, 26.554124]",Publix,4966 Le Chalet Blvd,Boynton Beach,FL,33436,https://www.publix.com/covid-vaccine
"[-77.062878, 35.8341]",Walmart,1529 Washington St,Williamston,NC,27892,https://www.walmart.com/pharmacy/clinical-services/immunization/scheduled?imzType=covid
"[-80.06151, 26.512687]",Publix,501 SE 18th Ave,Boynton Beach,FL,33435,https://www.publix.com/covid-vaccine
"[-80.76899, 28.47149]",Winn-Dixie,6257 US HWY 1,PORT ST JOHN,FL,32927,https://www.winndixie.com/pharmacy/covid-vaccine
"[-80.196648, 25.761217]",Publix,134 SW 13th St,Miami,FL,33130,https://www.publix.com/covid-vaccine
"[-80.430934, 25.741757]",Publix,14630 SW 26th St,Miami,FL,33175,https://www.publix.com/covid-vaccine
"[-80.440995, 25.726847]",Publix,4260 SW 152nd Ave,Miami,FL,33185,https://www.publix.com/covid-vaccine
"[-81.735803, 30.310338]",Winn-Dixie,5207 NORMANDY BOULEVARD,JACKSONVILLE,FL,32205,https://www.winndixie.com/pharmacy/covid-vaccine
"[-80.347421, 25.618809]",Publix,9510 SW 160th St,Miami,FL,33157,https://www.publix.com/covid-vaccine
"[-82.114009, 29.94397]",Winn-Dixie,470 W. MADISON STREET,STARKE,FL,32091,https://www.winndixie.com/pharmacy/covid-vaccine
"[-80.401071, 25.655428]",Publix,12100 SW 127th Ave,Miami,FL,33186,https://www.publix.com/covid-vaccine
"[-80.35116, 25.597009]",Publix,18485 S Dixie Hwy,Cutler Bay,FL,33157,https://www.publix.com/covid-vaccine
"[-80.336635, 25.577007]",Publix,20425 Old Cutler Rd,Cutler Bay,FL,33189,https://www.publix.com/covid-vaccine
"[-80.395469, 25.579673]",Publix,20201 SW 127th Ave,Miami,FL,33177,https://www.publix.com/covid-vaccine
"[-80.431283, 25.59707]",Publix,18280 SW 147th Ave,Miami,FL,33187,https://www.publix.com/covid-vaccine
"[-81.72221, 25.954185]",Publix,1089 N Collier Blvd Ste 401,Marco Island,FL,34145,https://www.publix.com/covid-vaccine
"[-80.37664, 25.73437]",Winn-Dixie,11241 S.W. 40TH STREET,MIAMI,FL,33165,https://www.winndixie.com/pharmacy/covid-vaccine
"[-81.64945, 26.60478]",Fresco y MÃƒÂ¡s,1145 HOMESTEAD ROAD NORTH,LEHIGH ACRES,FL,33936,https://www.frescoymas.com/pharmacy/covid-vaccine
"[-82.86094, 31.51025]",Harveys,901 W. Ward St.,DOUGLAS,GA,31533,https://www.harveyssupermarkets.com/pharmacy/covid-vaccine
"[-82.85191, 31.49908]",Harveys,813 S. Peterson Ave.,DOUGLAS,GA,31533,https://www.harveyssupermarkets.com/pharmacy/covid-vaccine
"[-76.27, 43.057]",Costco,120 TOWNSHIP BLVD,CAMILLUS,NY,13031,https://www.costco.com/covid-vaccine.html
"[-94.599, 39.255]",Costco,1600 NW 88TH ST,KANSAS CITY,MO,64155,https://www.costco.com/covid-vaccine.html
"[-114.331, 48.235]",Costco,2330 US HIGHWAY 93 N,KALISPELL,MT,59901,https://www.costco.com/covid-vaccine.html
"[-80.49541, 27.77931]",Winn-Dixie,995 Sebastian Blvd STE B,SEBASTIAN,FL,32958,https://www.winndixie.com/pharmacy/covid-vaccine
"[-122.712, 38.42]",Costco,1900 SANTA ROSA AVE,SANTA ROSA,CA,95407,https://www.costco.com/covid-vaccine.html
"[-82.70894, 28.25754]",Winn-Dixie,6400 Massachusetts Ave,NEW PORT RICHEY,FL,34653,https://www.winndixie.com/pharmacy/covid-vaccine
"[-80.855035, 35.589556]",Walmart,169 Norman Station Blvd,Mooresville,NC,28117,https://www.walmart.com/pharmacy/clinical-services/immunization/scheduled?imzType=covid
"[-82.270666, 26.933962]",Winn-Dixie,4100 MCCALL ROAD,ENGLEWOOD,FL,34224,https://www.winndixie.com/pharmacy/covid-vaccine
"[-80.845139, 28.637771]",Winn-Dixie,1535 N SINGLETON AVE,TITUSVILLE,FL,32796,https://www.winndixie.com/pharmacy/covid-vaccine
"[-85.751513, 30.158]",Winn-Dixie,2533 THOMAS DRIVE,PANAMA CITY,FL,32408,https://www.winndixie.com/pharmacy/covid-vaccine
"[-81.99849, 26.9479]",Winn-Dixie,27680 BERMONT ROAD,PUNTA GORDA,FL,33982,https://www.winndixie.com/pharmacy/covid-vaccine
"[-80.215623, 25.823061]",Winn-Dixie,1150 NW 54TH STREET,MIAMI,FL,33127,https://www.winndixie.com/pharmacy/covid-vaccine
"[-81.60519, 30.276784]",Harveys,5909 UNIVERSITY BLVD. W.,JACKSONVILLE,FL,32216,https://www.harveyssupermarkets.com/pharmacy/covid-vaccine
"[-72.213, 41.359]",Costco,284 FLANDERS RD,EAST LYME,CT,6333,https://www.costco.com/covid-vaccine.html
"[-81.43789, 27.47072]",Winn-Dixie,3250 Us 27 South,SEBRING,FL,33870,https://www.winndixie.com/pharmacy/covid-vaccine
"[-82.179218, 29.014157]",Winn-Dixie,184 MARION OAKS BLVD,OCALA,FL,34473,https://www.winndixie.com/pharmacy/covid-vaccine
"[-82.45638, 29.05931]",Winn-Dixie,10051 S US HIGHWAY 41,DUNNELLON,FL,34432,https://www.winndixie.com/pharmacy/covid-vaccine
"[-80.19999, 26.27155]",Winn-Dixie,5600 West Sample Road,MARGATE,FL,33073,https://www.winndixie.com/pharmacy/covid-vaccine
"[-76.591415, 38.540822]",Walmart,150 Solomons Island Rd N,Prince Frederick,MD,20678,https://www.walmart.com/pharmacy/clinical-services/immunization/scheduled?imzType=covid
"[-83.42558, 30.47005]",Winn-Dixie,729 W. BASE STREET,MADISON,FL,32340,https://www.winndixie.com/pharmacy/covid-vaccine
"[-119.15, 34.224]",Costco,2001 E VENTURA BLVD,OXNARD,CA,93036,https://www.costco.com/covid-vaccine.html
"[-82.63566, 27.46369]",Winn-Dixie,7400 44TH AVE W,BRADENTON,FL,34210,https://www.winndixie.com/pharmacy/covid-vaccine
"[-81.707244, 30.022522]",Winn-Dixie,3260 HIGHWAY 17,GREEN COVE SPRINGS,FL,32043,https://www.winndixie.com/pharmacy/covid-vaccine
"[-81.807447, 30.047041]",Winn-Dixie,2851 HENLEY ROAD STE. 200,GREEN COVE SPRINGS,FL,32043,https://www.winndixie.com/pharmacy/covid-vaccine
"[-117.385, 47.767]",Costco,12020 N NEWPORT HWY,SPOKANE,WA,99218,https://www.costco.com/covid-vaccine.html
"[-111.9, 40.731]",Costco,1818 S 300 W,SALT LAKE CITY,UT,84115,https://www.costco.com/covid-vaccine.html
"[-82.45815, 29.38569]",Winn-Dixie,727 W.NOBLE AVENUE,WILLISTON,FL,32696,https://www.winndixie.com/pharmacy/covid-vaccine
"[-80.14832, 26.57149]",Winn-Dixie,6600 HYPOLUXO ROAD,LAKE WORTH,FL,33467,https://www.winndixie.com/pharmacy/covid-vaccine
"[-121.996, 37.372]",Costco,150 LAWRENCE STATION RD,SUNNYVALE,CA,94086,https://www.costco.com/covid-vaccine.html
"[-82.45308, 27.98146]",Winn-Dixie,805 E. Dr M.L.K. Jr Blvd,TAMPA,FL,33603,https://www.winndixie.com/pharmacy/covid-vaccine
"[-81.32775, 29.9253]",Winn-Dixie,3551 N. PONCE DE LEON BLVD,ST AUGUSTINE,FL,32084,https://www.winndixie.com/pharmacy/covid-vaccine
"[-86.12446, 30.7076]",Winn-Dixie,1030 US HIGHWAY 331 SOUTH SUITE G,DEFUNIAK SPRINGS,FL,32435,https://www.winndixie.com/pharmacy/covid-vaccine
"[-87.835, 41.908]",Costco,8400 W NORTH AVE,MELROSE PARK,IL,60160,https://www.costco.com/covid-vaccine.html
"[-87.295599, 30.580853]",Winn-Dixie,1550 S. HWY 29,CANTONMENT,FL,32533,https://www.winndixie.com/pharmacy/covid-vaccine
"[-117.941, 33.774]",Costco,11000 GARDEN GROVE BLVD,GARDEN GROVE,CA,92843,https://www.costco.com/covid-vaccine.html
"[-84.318756, 30.445449]",Publix,800 Ocala Rd,Tallahassee,FL,32304,https://www.publix.com/covid-vaccine
"[-81.471495, 30.320553]",Winn-Dixie,12777 ATLANTIC BLVD.,JACKSONVILLE,FL,32225,https://www.winndixie.com/pharmacy/covid-vaccine
"[-78.467131, 38.09739]",Walmart,975 Hilton Heights Rd,Charlottesville,VA,22901,https://www.walmart.com/pharmacy/clinical-services/immunization/scheduled?imzType=covid
"[-89.35426, 31.32277]",Winn-Dixie,4400 HARDY ST,HATTIESBURG,MS,39402,https://www.winndixie.com/pharmacy/covid-vaccine
"[-122.302, 47.0965]",Rite Aid,9502 176th Street East,Puyallup,WA,98375,https://www.riteaid.com/pharmacy/covid-qualifier
"[-81.294579, 28.19938]",Winn-Dixie,3318 CANOE CREEK RD.,SAINT CLOUD,FL,34772,https://www.winndixie.com/pharmacy/covid-vaccine
"[-87.666, 41.863]",Costco,1430 S ASHLAND AVE,CHICAGO,IL,60608,https://www.costco.com/covid-vaccine.html
"[-82.668138, 28.332608]",Publix,12101 Little Rd,Hudson,FL,34667,https://www.publix.com/covid-vaccine
"[-87.260593, 30.533708]",Winn-Dixie,312 EAST NINE MILE ROAD,PENSACOLA,FL,32514,https://www.winndixie.com/pharmacy/covid-vaccine
"[-121.851, 37.311]",Costco,2201 SENTER RD,SAN JOSE,CA,95112,https://www.costco.com/covid-vaccine.html
"[-81.54452, 30.62401]",Winn-Dixie,96076 LOFTON SQUARE ct,YULEE,FL,32097,https://www.winndixie.com/pharmacy/covid-vaccine
"[-82.1235, 27.98717]",Winn-Dixie,205 W. Alexander St.,PLANT CITY,FL,33566,https://www.winndixie.com/pharmacy/covid-vaccine
"[-82.6378, 30.182622]",Winn-Dixie,580 S. Marion Avenue,LAKE CITY,FL,32025,https://www.winndixie.com/pharmacy/covid-vaccine
"[-82.0529, 27.00409]",Winn-Dixie,2000 KINGS HIGHWAY,PORT CHARLOTTE,FL,33980,https://www.winndixie.com/pharmacy/covid-vaccine
"[-82.05085, 29.05695]",Winn-Dixie,11310 Se Hwy 301,BELLEVIEW,FL,34420,https://www.winndixie.com/pharmacy/covid-vaccine
"[-77.393137, 34.779932]",Walmart,2025 N Marine Blvd,Jacksonville,NC,28546,https://www.walmart.com/pharmacy/clinical-services/immunization/scheduled?imzType=covid
"[-82.662154, 27.893223]",Publix,120 Carillon Pkwy,Saint Petersburg,FL,33716,https://www.publix.com/covid-vaccine
"[-80.21143, 25.87593]",Winn-Dixie,11030 N.W. 7TH AVE.,MIAMI,FL,33168,https://www.winndixie.com/pharmacy/covid-vaccine
"[-81.8903, 29.1819]",Winn-Dixie,15912 E SR 40,SILVER SPRINGS,FL,34488,https://www.winndixie.com/pharmacy/covid-vaccine
"[-82.646124, 27.866974]",Publix,10496 Roosevelt Blvd N,Saint Petersburg,FL,33716,https://www.publix.com/covid-vaccine
"[-121.937, 37.358]",Costco,1601 COLEMAN AVE,SANTA CLARA,CA,95050,https://www.costco.com/covid-vaccine.html
"[-82.57686, 27.43795]",Winn-Dixie,5802 14Th St. W,BRADENTON,FL,34207,https://www.winndixie.com/pharmacy/covid-vaccine
"[-80.6753, 27.99758]",Winn-Dixie,190 MALABAR RD SW,PALM BAY,FL,32907,https://www.winndixie.com/pharmacy/covid-vaccine
"[-82.20057, 27.86097]",Winn-Dixie,16751 Fishhawk Blvd,LITHIA,FL,33547,https://www.winndixie.com/pharmacy/covid-vaccine
"[-81.77681, 28.05612]",Winn-Dixie,441 HAVENDALE BLVD,AUBURNDALE,FL,33823,https://www.winndixie.com/pharmacy/covid-vaccine
"[-75.1467, 39.921]",Rite Aid,10 Snyder Avenue,Philadelphia,PA,19148,https://www.riteaid.com/pharmacy/covid-qualifier
"[-81.38887, 30.22656]",Winn-Dixie,290 SOLANA ROAD,PONTE VEDRA BEACH,FL,32082,https://www.winndixie.com/pharmacy/covid-vaccine
"[-81.6856, 28.87421]",Winn-Dixie,1955 NORTH S.R. 19,EUSTIS,FL,32726,https://www.winndixie.com/pharmacy/covid-vaccine
"[-82.61998, 28.46469]",Winn-Dixie,2240 COMMERCIAL WAY,SPRING HILL,FL,34606,https://www.winndixie.com/pharmacy/covid-vaccine
"[-86.41919, 30.48718]",Winn-Dixie,4512 E HWY 20,NICEVILLE,FL,32578,https://www.winndixie.com/pharmacy/covid-vaccine
"[-82.584654, 28.026732]",Fresco y MÃƒÂ¡s,8424 SHELDON ROAD,TAMPA,FL,33615,https://www.frescoymas.com/pharmacy/covid-vaccine
"[-81.79853, 30.12211]",Winn-Dixie,1339 BLANDING BLVD.,ORANGE PARK,FL,32065,https://www.winndixie.com/pharmacy/covid-vaccine
"[-81.710983, 30.100028]",Winn-Dixie,1545 COUNTY ROAD 220,FLEMING ISLAND,FL,32003,https://www.winndixie.com/pharmacy/covid-vaccine
"[-80.13467, 27.06173]",Winn-Dixie,8867 SE BRIDGE RD,HOBE SOUND,FL,33455,https://www.winndixie.com/pharmacy/covid-vaccine
"[-82.39223, 28.02915]",Winn-Dixie,8837 N. 56Th St.,TEMPLE TERRACE,FL,33617,https://www.winndixie.com/pharmacy/covid-vaccine
"[-87.34054, 30.40188]",Winn-Dixie,50 S. BLUE ANGEL PARKWAY,PENSACOLA,FL,32506,https://www.winndixie.com/pharmacy/covid-vaccine
"[-81.64391, 30.25975]",Winn-Dixie,1520 W UNIVERSITY BLVD,JACKSONVILLE,FL,32217,https://www.winndixie.com/pharmacy/covid-vaccine
"[-81.59112, 30.22132]",Winn-Dixie,8775 OLD KINGS ROAD SOUTH,JACKSONVILLE,FL,32217,https://www.winndixie.com/pharmacy/covid-vaccine
